idUsuario;apellidos y nombre;email;contraseña;dia/mes/año
BeatrizDM Diaz Moreno, Beatriz BeatrizDM@correo.com qqYHrxjKKL 4/10/2001
CarlosPabloDR Diaz Ruiz, Carlos Pablo CarlosPabloDR@correo.com RvbdWp4LaG 14/1/2001
DanielGM Garcia Moreno, Daniel DanielGM@correo.com bBiMa3srFy 18/1/2001
BeatrizPaulaGR Gutierrez Romero, Beatriz Paula BeatrizPaulaGR@correo.com zkGIGYXX7n 28/1/2001
MiguelGS Gutierrez Sanchez, Miguel MiguelGS@correo.com H3sHjNRn56 16/9/2001
MiguelJN Jimenez Navarro, Miguel MiguelJN@correo.com TruUilu3Sm 29/12/2001
JuanMD Martin Diaz, Juan JuanMD@correo.com 824m4pkWiq 9/5/2001
FernandoMM Martinez Moreno, Fernando FernandoMM@correo.com reUW8xjHdP 17/4/2001
SergioAdrianMV Martinez Vazquez, Sergio Adrian SergioAdrianMV@correo.com J6rwn7inLL 9/3/2001
PaulaLauraMM Molina Moreno, Paula Laura PaulaLauraMM@correo.com IA9nerNEsh 3/7/2001
LuciaMS Molina Sanchez, Lucia LuciaMS@correo.com 0ae71gspTe 16/5/2001
DanielMT Molina Torres, Daniel DanielMT@correo.com NBzeEUewaH 2/10/2001
AlejandroPS Perez Sanchez, Alejandro AlejandroPS@correo.com RKusQEwV5m 17/7/2001
ElenaRV Ramos Vazquez, Elena ElenaRV@correo.com r9M6l1eSbo 14/7/2001
PabloRR Rodriguez Ramirez, Pablo PabloRR@correo.com Rrqc4geCpE 27/11/2001
AdrianRR Rodriguez Romero, Adrian AdrianRR@correo.com 2YfeNkQwNH 2/10/2001
CristinaRM Romero Moreno, Cristina CristinaRM@correo.com 8wU9z7Weke 30/7/2001
AnaCristinaSJ Serrano Jimenez, Ana Cristina AnaCristinaSJ@correo.com RZSZFgmZEd 27/1/2001
RocioVB Vazquez Blanco, Rocio RocioVB@correo.com INJzL2wDRi 5/9/2001
